{"leftMiddleFingerMetacarpalModelTransform":[[-0.012363443151116371,0.8092945218086243,-0.5872717499732971,0],[0.37737417221069336,0.5476604700088501,0.7467632293701172,0],[0.9259775876998901,-0.2123887985944748,-0.3121780455112457,0],[-0.1907406449317932,0.9510103464126587,-0.2718343436717987,1]],"leftIndexFingerIntermediateBaseModelTransform":[[0.04047458618879318,0.9719688892364502,-0.23159615695476532,0],[0.38070082664489746,0.19930095970630646,0.9029643535614014,0],[0.9238113760948181,-0.12471604347229004,-0.36196303367614746,0],[-0.21542474627494812,1.0554521083831787,-0.32365694642066956,1]],"leftForearmWristModelTransform":[[-0.15963147580623627,-0.8199224472045898,0.5497675538063049,0],[0.3495081067085266,0.4738946557044983,0.8082495331764221,0],[-0.9232341647148132,0.3211703598499298,0.21092113852500916,0],[-0.18701644241809845,0.9296444058418274,-0.2583167254924774,1]],"rightRingFingerTipModelTransform":[[0.8507845401763916,-0.31732621788978577,-0.41888895630836487,0],[-0.08789069205522537,0.6999555826187134,-0.7087565660476685,0],[0.5181111097335815,0.6398160457611084,0.5676218271255493,0],[0.18144696950912476,1.0564894676208496,-0.2577246129512787,1]],"rightRingFingerIntermediateBaseModelTransform":[[0.8530957102775574,-0.40495437383651733,-0.32899633049964905,0],[0.03940960392355919,0.6787695288658142,-0.7332924008369446,0],[0.5202628970146179,0.6126033067703247,0.5950148105621338,0],[0.2259902060031891,1.0373671054840088,-0.2770237922668457,1]],"rightMiddleFingerIntermediateTipModelTransform":[[0.930814266204834,-0.2374226450920105,-0.2778739631175995,0],[-0.06793379783630371,0.6346399784088135,-0.7698153257369995,0],[0.35912173986434937,0.7354325652122498,0.574603259563446,0],[0.20849204063415527,1.0647928714752197,-0.27234214544296265,1]],"leftRingFingerMetacarpalModelTransform":[[0.11534278094768524,0.772392749786377,-0.6245832443237305,0],[0.34596991539001465,0.5581706762313843,0.7541543245315552,0],[0.9311281442642212,-0.3030734658241272,-0.2028438001871109,0],[-0.178836852312088,0.9493945240974426,-0.274300217628479,1]],"leftThumbIntermediateBaseModelTransform":[[-0.34984150528907776,0.8546299338340759,-0.38368940353393555,0],[0.822561502456665,0.08422062546014786,-0.562404453754425,0],[-0.4483333230018616,-0.5123607516288757,-0.7324498295783997,0],[-0.23643028736114502,1.0002827644348145,-0.2612468898296356,1]],"rightLittleFingerTipModelTransform":[[0.7455024719238281,-0.36834651231765747,-0.5554679036140442,0],[-0.1899595409631729,0.6814156174659729,-0.7068136930465698,0],[0.6388577222824097,0.6324485540390015,0.4380266070365906,0],[0.1848745346069336,1.0334199666976929,-0.2539466619491577,1]],"leftIndexFingerTipModelTransform":[[0.04682649299502373,0.9751614332199097,-0.21648481488227844,0],[0.3799718916416168,0.1830417513847351,0.9067057371139526,0],[0.9238110780715942,-0.12471611797809601,-0.36196306347846985,0],[-0.21328219771385193,1.1033984422683716,-0.3347088098526001,1]],"rightForearmArmModelTransform":[[0.0357452854514122,0.7854093313217163,-0.6179433465003967,0],[0.8966124057769775,-0.2982953190803528,-0.32726991176605225,0],[-0.44137051701545715,-0.5423574447631836,-0.7148705124855042,0],[0.23723532259464264,0.7626978158950806,-0.0335431843996048,1]],"leftRingFingerKnuckleModelTransform":[[0.1338788866996765,0.7805448770523071,-0.6105941534042358,0],[0.38026535511016846,0.5285124778747559,0.7589938640594482,0],[0.9151359796524048,-0.3338012397289276,-0.22605766355991364,0],[-0.1709689497947693,1.0020818710327148,-0.31690505146980286,1]],"leftMiddleFingerKnuckleModelTransform":[[0.0977373868227005,0.8557027578353882,-0.5081517100334167,0],[0.2642119526863098,0.4699634909629822,0.8422139286994934,0],[0.9594985842704773,-0.2165757566690445,-0.18015410006046295,0],[-0.1916065663099289,1.007692575454712,-0.31296634674072266,1]],"rightMiddleFingerIntermediateBaseModelTransform":[[0.9284601211547852,-0.33092668652534485,-0.16866713762283325,0],[0.06604012846946716,0.5939428210258484,-0.8017916679382324,0],[0.36551302671432495,0.7332930564880371,0.5733067989349365,0],[0.2370660901069641,1.0546083450317383,-0.27753299474716187,1]],"leftMiddleFingerTipModelTransform":[[0.2176249474287033,0.947661817073822,-0.23360955715179443,0],[0.21601147949695587,0.18664683401584625,0.9583837389945984,0],[0.9518275260925293,-0.25903093814849854,-0.16408707201480865,0],[-0.17492066323757172,1.1034386157989502,-0.35199353098869324,1]],"rightLittleFingerIntermediateTipModelTransform":[[0.7455024719238281,-0.36834651231765747,-0.5554679036140442,0],[-0.1899595409631729,0.6814156174659729,-0.7068136930465698,0],[0.6388577222824097,0.6324485540390015,0.4380266070365906,0],[0.2005629539489746,1.0256685018539429,-0.26563596725463867,1]],"leftMiddleFingerIntermediateBaseModelTransform":[[0.20869942009449005,0.9473056793212891,-0.24301034212112427,0],[0.21821123361587524,0.19711215794086456,0.9557865858078003,0],[0.9533235430717468,-0.2525000274181366,-0.1655757576227188,0],[-0.1866304725408554,1.0512588024139404,-0.33883780241012573,1]],"leftLittleFingerIntermediateBaseModelTransform":[[0.41863539814949036,0.8113489747047424,-0.4079887866973877,0],[0.24452471733093262,0.3319550156593323,0.9110496044158936,0],[0.8746140599250793,-0.48116153478622437,-0.059426821768283844,0],[-0.13989312946796417,1.0142985582351685,-0.3383961319923401,1]],"leftForearmArmModelTransform":[[-0.15963147580623627,-0.8199224472045898,0.5497675538063049,0],[0.3495081067085266,0.4738946557044983,0.8082495331764221,0],[-0.9232341647148132,0.3211703598499298,0.21092113852500916,0],[-0.2274080067873001,0.7221792340278625,-0.11920887231826782,1]],"leftWristModelTransform":[[-0.0006480306619778275,0.8144359588623047,-0.5802528262138367,0],[0.35067176818847656,0.5435909628868103,0.7625862956047058,0],[0.9364981055259705,-0.20298413932323456,-0.28595200181007385,0],[-0.18701644241809845,0.9296444058418274,-0.2583167254924774,1]],"rightRingFingerMetacarpalModelTransform":[[-0.14493228495121002,-0.5160765647888184,0.8441914319992065,0],[0.8656306266784668,-0.4793922007083893,-0.14445216953754425,0],[0.47924724221229553,0.7098222374916077,0.5162111520767212,0],[0.2464020848274231,0.9715752601623535,-0.2133426070213318,1]],"rightLittleFingerKnuckleModelTransform":[[0.6894003748893738,-0.7233342528343201,0.038908567279577255,0],[0.341447651386261,0.2771189510822296,-0.8981188535690308,0],[0.6388580203056335,0.6324488520622253,0.4380267858505249,0],[0.24082912504673004,0.9902582168579102,-0.2732364237308502,1]],"leftRingFingerIntermediateTipModelTransform":[[0.2586146891117096,0.9326472878456116,-0.2515661120414734,0],[0.29784613847732544,0.17074845731258392,0.9392180442810059,0],[0.9189146757125854,-0.3178239166736603,-0.233627587556839,0],[-0.15795743465423584,1.0631346702575684,-0.3522189259529114,1]],"rightMiddleFingerMetacarpalModelTransform":[[-0.23654837906360626,-0.6083458065986633,0.7576014399528503,0],[0.8797205090522766,-0.4651128053665161,-0.09880251437425613,0],[0.41247618198394775,0.6431059241294861,0.6451959609985352,0],[0.2529851198196411,0.9785684943199158,-0.2057843804359436,1]],"rightThumbIntermediateBaseModelTransform":[[0.3622119724750519,-0.5944743752479553,0.7179152369499207,0],[0.09210940450429916,0.7892748713493347,0.6070919632911682,0],[-0.9275333285331726,-0.15376928448677063,0.3406415581703186,0],[0.23005692660808563,1.0391018390655518,-0.213492289185524,1]],"rightRingFingerIntermediateTipModelTransform":[[0.8507845401763916,-0.31732606887817383,-0.41888895630836487,0],[-0.06773969531059265,0.7242323160171509,-0.686219334602356,0],[0.5211286544799805,0.6122007966041565,0.5946706533432007,0],[0.20132482051849365,1.0490754842758179,-0.26751160621643066,1]],"leftLittleFingerIntermediateTipModelTransform":[[0.4305994212627411,0.827272355556488,-0.3608347177505493,0],[0.2227824628353119,0.2900022566318512,0.9307331442832947,0],[0.8746139407157898,-0.4811614453792572,-0.05942705273628235,0],[-0.1311606913805008,1.0312228202819824,-0.34690648317337036,1]],