{"leftThumbIntermediateTipModelTransform":[[0.8635804057121277,0.4940904676914215,0.10051002353429794,0],[-0.2982814311981201,0.6613432765007019,-0.6882237792015076,0],[-0.4065166711807251,0.5643566250801086,0.7185014486312866,0],[-0.0640297532081604,1.0542552471160889,-0.1105349138379097,1]],"leftIndexFingerIntermediateBaseModelTransform":[[0.7374227046966553,0.6606547236442566,-0.1405065804719925,0],[0.5715633034706116,-0.7212134003639221,-0.39136433601379395,0],[-0.3598920702934265,0.2082926332950592,-0.9094454050064087,0],[-0.09577956050634384,1.1104024648666382,-0.09043800830841064,1]],"leftIndexFingerKnuckleModelTransform":[[0.6094211339950562,0.7905654311180115,-0.06009913235902786,0],[0.7064582705497742,-0.5758647322654724,-0.4114563763141632,0],[-0.3598921298980713,0.2082926481962204,-0.9094454646110535,0],[-0.12241263687610626,1.0758529901504517,-0.08781160414218903,1]],"rightIndexFingerIntermediateBaseModelTransform":[[0.995960533618927,0.05271199345588684,0.07268659770488739,0],[-0.08163739740848541,0.8686390519142151,0.4886723458766937,0],[-0.03737954422831535,-0.49263250827789307,0.8694338798522949,0],[0.2070464789867401,1.1102726459503174,0.026043128222227097,1]],"rightWristModelTransform":[[-0.2098938673734665,-0.8216760754585266,-0.5298993587493896,0],[0.9721243977546692,-0.11746057122945786,-0.2029222548007965,0],[0.10449406504631042,-0.5577201247215271,0.8234254717826843,0],[0.21108362078666687,1.0166735649108887,-0.059988874942064285,1]],"leftRingFingerIntermediateTipModelTransform":[[0.7496033906936646,0.648204505443573,-0.13387973606586456,0],[0.5704925060272217,-0.7353029251098633,-0.3658770024776459,0],[-0.3356056213378906,0.1978854537010193,-0.9209822416305542,0],[-0.09135459363460541,1.1388075351715088,-0.13204975426197052,1]],"headPoseTransform":[[0.9991629123687744,-0.04027723893523216,0.007163901813328266,0],[0.03982269763946533,0.9976867437362671,0.05509636178612709,0],[-0.009366457350552082,-0.054764945060014725,0.9984554052352905,0],[0.023481428623199463,1.1050987243652344,0.011265359818935394,1]],"rightThumbIntermediateBaseModelTransform":[[0.17238429188728333,-0.7984589338302612,-0.5768415331840515,0],[-0.32110369205474854,-0.5991705060005188,0.7334074378013611,0],[-0.9312224388122559,0.05879804119467735,-0.3596758246421814,0],[0.18550729751586914,1.0567412376403809,-0.014039915055036545,1]],"rightIndexFingerIntermediateTipModelTransform":[[0.861849308013916,0.4244682192802429,0.27756267786026,0],[-0.5057836174964905,0.7596964240074158,0.40870869159698486,0],[-0.037379536777734756,-0.49263232946395874,0.8694336414337158,0],[0.18824701011180878,1.113361120223999,0.01636650785803795,1]],"leftRingFingerTipModelTransform":[[0.7496036291122437,0.6482045650482178,-0.13387975096702576,0],[0.5830737948417664,-0.7424216866493225,-0.32989954948425293,0],[-0.3132378160953522,0.16923223435878754,-0.9344737529754639,0],[-0.0745149478316307,1.1536303758621216,-0.1341511756181717,1]],"rightThumbIntermediateTipModelTransform":[[0.1130140870809555,-0.8916629552841187,-0.43836501240730286,0],[-0.3464847803115845,-0.4488639831542969,0.8236919045448303,0],[-0.9312223792076111,0.05879804491996765,-0.359675794839859,0],[0.18196739256381989,1.0803003311157227,0.024708401411771774,1]],"rightMiddleFingerTipModelTransform":[[0.481138676404953,0.7934778928756714,0.37268680334091187,0],[-0.8740023374557495,0.4012112617492676,0.2741284966468811,0],[0.06798887997865677,-0.457623690366745,0.8865412473678589,0],[0.1701311618089676,1.0936232805252075,-0.020507611334323883,1]],"leftWristModelTransform":[[0.29675886034965515,0.9397754073143005,0.16957761347293854,0],[0.9119902849197388,-0.22623980045318604,-0.34218302369117737,0],[-0.2832099199295044,0.2561989426612854,-0.9242045879364014,0],[-0.15731817483901978,0.9955382943153381,-0.1275898516178131,1]],"leftThumbTipModelTransform":[[0.8635804057121277,0.4940904676914215,0.10051002353429794,0],[-0.2982814311981201,0.6613432765007019,-0.6882237792015076,0],[-0.4065166711807251,0.5643566250801086,0.7185014486312866,0],[-0.03850916028022766,1.0688536167144775,-0.1075378805398941,1]],"rightLittleFingerMetacarpalModelTransform":[[-0.14266233146190643,-0.9370011687278748,-0.31886640191078186,0],[0.9712852835655212,-0.07056083530187607,-0.22721190750598907,0],[0.1903984099626541,-0.34212496876716614,0.9201621413230896,0],[0.21140137314796448,1.0476231575012207,-0.06681618094444275,1]],"leftIndexFingerMetacarpalModelTransform":[[0.33662518858909607,0.8900758624076843,0.30732446908950806,0],[0.9118798971176147,-0.22673441469669342,-0.34214964509010315,0],[-0.23485808074474335,0.3954191505908966,-0.8879667520523071,0],[-0.14623647928237915,1.01285982131958,-0.10956177860498428,1]],"rightRingFingerKnuckleModelTransform":[[0.6681829690933228,-0.5605137944221497,-0.4892384111881256,0],[0.7242016196250916,0.6406798362731934,0.25506851077079773,0],[0.17047590017318726,-0.5247400999069214,0.8340170383453369,0],[0.22729231417179108,1.1002743244171143,-0.033369749784469604,1]],"rightIndexFingerKnuckleModelTransform":[[0.49511370062828064,-0.764875054359436,-0.41210177540779114,0],[0.8680233359336853,0.41506460309028625,0.27249982953071594,0],[-0.03737950697541237,-0.49263253808021545,0.8694338798522949,0],[0.22616064548492432,1.075204849243164,0.00783543661236763,1]],"rightRingFingerIntermediateBaseModelTransform":[[0.8578162789344788,0.497575581073761,0.12871502339839935,0],[-0.47977232933044434,0.6854386329650879,0.5477136969566345,0],[0.1843029111623764,-0.5315921902656555,0.8267042636871338,0],[0.2026558667421341,1.1239490509033203,-0.02242174744606018,1]],"rightThumbTipModelTransform":[[0.1130140870809555,-0.8916629552841187,-0.43836501240730286,0],[-0.3464847803115845,-0.4488639831542969,0.8236919045448303,0],[-0.9312223792076111,0.05879804491996765,-0.359675794839859,0],[0.18265357613563538,1.107987642288208,0.027373339980840683,1]],"leftMiddleFingerTipModelTransform":[[0.7865602374076843,0.6007159352302551,-0.14304114878177643,0],[0.557209849357605,-0.7902858853340149,-0.25487878918647766,0],[-0.2661534547805786,0.12077374011278152,-0.9563334584236145,0],[-0.05956488102674484,1.1530081033706665,-0.11637803167104721,1]],"leftLittleFingerKnuckleModelTransform":[[0.4150722622871399,0.9097703099250793,-0.0056647006422281265,0],[0.8581420183181763,-0.39357027411460876,-0.3296872675418854,0],[-0.30216923356056213,0.1319829821586609,-0.9440725445747375,0],[-0.1395878940820694,1.0779610872268677,-0.14635099470615387,1]],"rightLittleFingerIntermediateBaseModelTransform":[[0.8576338291168213,0.5109877586364746,-0.057913970202207565,0],[-0.4018813669681549,0.7362221479415894,0.5444877743721008,0],[0.32086437940597534,-0.4436969757080078,0.8367661833763123,0],[0.20142897963523865,1.117973804473877,-0.047142207622528076,1]],"leftMiddleFingerMetacarpalModelTransform":[[0.2746770977973938,0.9468156099319458,0.16760678589344025,0],[0.9180121421813965,-0.2063787281513214,-0.3386158049106598,0],[-0.2860163152217865,0.24687515199184418,-0.9258760809898376,0],[-0.1490202695131302,1.0174118280410767,-0.11999069154262543,1]],"leftMiddleFingerIntermediateBaseModelTransform":[[0.7886029481887817,0.5995404124259949,-0.13658402860164642,0],[0.5569282174110413,-0.7905628681182861,-0.25463590025901794,0],[-0.26064297556877136,0.12473922967910767,-0.9573420286178589,0],[-0.10112690925598145,1.121274709701538,-0.10946187376976013,1]],"rightRingFingerTipModelTransform":[[0.40441977977752686,0.8080205917358398,0.42842140793800354,0],[-0.9021363258361816,0.27545785903930664,0.33207055926322937,0],[0.1503080278635025,-0.5207911133766174,0.8403463363647461,0],[0.16878485679626465,1.0912349224090576,-0.02941172383725643,1]],"rightThumbKnuckleModelTransform":[[0.3296883702278137,-0.538142204284668,-0.7756984829902649,0],[-0.23959310352802277,-0.842429518699646,0.4826048016548157,0],[-0.9131814241409302,0.02674282155930996,-0.40667444467544556,0],[0.202998548746109,1.0291810035705566,-0.05588498339056969,1]],